762348,201,401,Tandie,Pizzie,8/11/2019,3/22/1978,Female,tpizzie0@blog.com,(151) 3842627,(302) 9466457,Broker,158-82-8226,53351241,10/12/2020,10/12/2023
762349,201,402,Matthiew,Steet,9/4/2019,6/22/1976,Genderqueer,msteet1@stanford.edu,(840) 3804926,(913) 6443273,Owner,258-30-6999,15877137,6/20/2020,6/20/2023
762350,201,401,Granthem,Sykes,10/30/2016,2/16/1988,Agender,gsykes2@yel403pages.com,(278) 8127205,(869) 3818739,Manager,150-37-2656,91951912,11/12/2019,11/12/2022
762351,201,401,Jeromy,Tyne,12/5/2011,3/8/1963,Polygender,jtyne3@utexas.edu,(481) 6018614,(558) 1814671,Manager,253-94-4545,96596250,6/30/2020,6/30/2023
762352,201,402,Kelly,Bunclark,7/19/2010,12/12/1977,Non-binary,kbunclark4@google.ca,(729) 6836590,(734) 4417356,Vice-President,656-72-1168,75004841,5/20/2020,5/20/2023
762353,201,402,Ban,Nower,12/19/2015,7/11/1984,Male,bnower5@netscape.com,(685) 9310196,(129) 3574505,Broker,557-92-4656,66890468,8/19/2020,8/19/2023
762354,201,403,Chuck,Rubinfajn,6/18/2012,12/12/1977,Male,crubinfajn6@comcast.net,(307) 7810429,(458) 3531066,Broker,621-94-0287,68909414,7/6/2019,7/6/2022
762355,201,403,Salim,Dougherty,4/3/2017,12/25/1972,Male,sdougherty7@fastcompany.com,(190) 7381674,(126) 5678403,Broker,158-45-5503,85235663,6/19/2019,6/19/2022
762356,201,401,Joel,Brounsell,7/19/2015,12/25/1969,Male,jbrounsell8@ft.com,(997) 9316816,(532) 2032945,Broker,303-67-3898,24619694,5/30/2019,5/30/2022
762357,201,403,Mildrid,Carrol,10/31/2013,4/26/1985,Female,mcarrol9@ca.gov,(470) 3164827,(148) 2061107,Broker,791-57-0570,66003751,8/4/2020,8/4/2023
762358,201,402,Benito,Howsley,3/29/2020,11/2/1978,Male,bhowsleya@hc360.com,(593) 4518915,(887) 1223595,Broker,558-90-9487,28712542,4/20/2020,4/20/2023
762359,201,401,Suzi,Gullen,11/3/2017,11/11/1967,Female,sgullenb@vk.com,(475) 3159938,(379) 6378032,Broker,190-16-8489,65304311,10/13/2019,10/13/2022
762360,201,403,Leandra,Dowson,10/12/2017,10/30/1976,Female,ldowsonc@vkontakte.ru,(955) 2925539,(579) 6547647,Broker,271-14-2668,79807016,6/6/2020,6/6/2023
762361,201,403,Craggy,Mouatt,12/15/2017,7/2/1980,Male,cmouattd@noaa.gov,(944) 8843702,(998) 1297057,Broker,895-63-5709,29183782,1/19/2021,1/19/2024
762362,201,403,Samaria,Shervil,2/27/2017,11/7/1965,Male,sshervile@nps.gov,(688) 3326223,(238) 3526191,Broker,154-24-0746,25198338,7/9/2019,7/9/2022
762363,201,402,Lucille,La Torre,2/22/2014,3/23/1974,Female,llatorref@mozilla.com,(318) 6781811,(381) 3532932,Broker,210-15-2405,64368405,3/8/2020,3/8/2023
762364,201,403,Peyton,Martinets,10/8/2015,12/24/1968,Male,pmartinetsg@intel.com,(848) 3953550,(416) 1285593,Broker,236-20-3710,36089818,8/21/2020,8/21/2023
762365,201,401,Gilbert,Uphill,3/29/2017,1/13/1984,Male,guphillh@google.fr,(923) 6934036,(719) 4187754,Broker,812-37-2002,35646886,4/6/2020,4/6/2023
762366,201,403,Ebba,Snailham,1/13/2019,11/24/1988,Female,esnailhami@nba.com,(876) 7047601,(796) 4845334,Broker,302-80-8080,94179740,8/3/2020,8/3/2023
762367,201,401,Marley,Fick,11/19/2017,5/1/1970,Male,mfickj@twitpic.com,(805) 8617218,(456) 4948314,Broker,653-11-5272,54143744,3/21/2021,3/21/2024
762368,201,402,Berky,Swithenby,6/24/2018,7/15/1982,Female,bswithenbyk@prnewswire.com,(644) 4509890,(152) 8158043,Broker,458-34-2405,16889475,8/28/2019,8/28/2022
762369,201,403,Cordell,Keenleyside,10/10/2015,1/13/1961,Male,ckeenleysidel@soundcloud.com,(851) 7064315,(206) 6746277,Broker,738-04-1358,57960976,1/13/2020,1/13/2023
762370,201,402,Brennan,Lewnden,2/18/2011,1/12/1962,Male,blewndenm@adobe.com,(396) 2183682,(440) 8510121,Broker,821-12-2481,40918040,2/12/2020,2/12/2023
762371,201,401,Vonny,Romain,12/29/2016,5/4/1984,Male,vromainn@digg.com,(922) 1241870,(521) 1160281,Broker,328-36-3512,45186602,12/18/2019,12/18/2022
762372,201,402,Cally,Godsmark,2/12/2011,11/28/1980,Female,cgodsmarko@eventbrite.com,(446) 3367462,(873) 7096443,Broker,285-74-5593,99782905,7/1/2019,7/1/2022
762373,201,401,Laurice,Whittle,4/30/2018,3/16/1980,Female,lwhittlep@photobucket.com,(652) 5533923,(213) 4755438,Broker,852-48-0137,45075795,8/16/2019,8/16/2022
762374,201,403,Brewer,Woodroofe,5/6/2016,6/30/1973,Male,bwoodroofeq@163.com,(815) 6705572,(622) 4547450,Broker,192-42-1206,47178877,9/7/2020,9/7/2023
762375,201,402,Barnebas,Popov,8/1/2010,1/30/1981,Male,bpopovr@oracle.com,(715) 4686100,(347) 1302865,Broker,733-70-7139,82168117,5/21/2019,5/21/2022
762376,201,401,Albrecht,Olliar,3/29/2011,4/23/1964,Male,aolliars@samsung.com,(683) 4109982,(811) 9199828,Broker,668-84-2732,99290984,7/24/2019,7/24/2022
762377,201,403,Adair,Welberry,10/17/2014,7/5/1962,Male,awelberryt@pbs.org,(361) 4545445,(706) 9463256,Broker,806-27-6104,55425021,6/12/2019,6/12/2022
