97832,834883,1,651552.75,0.15,0.707,1990,3257.76,589 Mcbride Plaza,Colorado Springs,Colorado,80915,6,4,1946,217.71,,6515.53,1995
97833,834866,4,871154.40,0.027,0.812,1998,4355.77,43 Farwell Trail,Denver,Colorado,80217,7,4,1129,153.82,,8711.54,2011
97834,834868,3,324831.38,0.127,0.553,1989,1624.16,292 Dahle Junction,Denver,Colorado,80235,6,6,2913,139.09,,3248.31,1995
97835,834871,3,185892.82,0.018,0.676,1998,929.46,2 Continental Avenue,Colorado Springs,Colorado,80915,7,5,529,136.97,,1858.93,1995
97836,834888,3,234833.90,0.088,0.989,2006,1174.17,556 Alpine Place,Littleton,Colorado,80161,6,6,2507,189.58,,2348.34,2007
97837,834875,4,685839.69,0.078,0.435,1990,3429.2,995 Sunfield Crossing,Aurora,Colorado,80044,6,4,2015,84.64,,6858.4,1992
97838,834884,6,533374.71,0.163,0.859,1986,2666.87,44433 Fieldstone Hill,Grand Junction,Colorado,81505,6,6,981,268.51,173.6,5333.75,2007
97839,834891,5,510753.53,0.056,0.697,2002,2553.77,83 Merrick Way,Boulder,Colorado,80328,8,4,1468,171.07,,5107.54,1999
97840,834882,2,961416.58,0.05,0.637,1992,4807.08,988 Ridge Oak Place,Colorado Springs,Colorado,80910,8,4,1161,233.56,,9614.17,2005
97841,834858,1,292826.32,0.141,0.923,2000,1464.13,002 Dwight Terrace,Colorado Springs,Colorado,80945,6,6,2645,40.53,,2928.26,2009
97842,834877,5,506786.48,0.179,0.579,2011,2533.93,257 Del Mar Terrace,Boulder,Colorado,80305,7,6,537,114.05,,5067.86,2006
97843,834864,5,550606.19,0.178,0.505,2004,2753.03,794 Maryland Alley,Denver,Colorado,80209,8,4,399,261.39,,5506.06,1997
97844,834851,3,1094361.96,0.136,0.817,2013,5471.81,24672 Vernon Avenue,Colorado Springs,Colorado,80910,7,4,1378,113.59,,10943.62,2006
97845,834884,3,426910.44,0.169,0.402,2002,2134.55,8452 Orin Park,Colorado Springs,Colorado,80935,6,6,2995,38.39,,4269.1,2008
97846,834885,3,375666.77,0.147,0.418,2006,1878.33,031 Paget Place,Boulder,Colorado,80305,8,5,2236,151.26,,3756.67,1990
97847,834875,5,512890.31,0.056,0.59,2011,2564.45,2 Cody Junction,Boulder,Colorado,80305,8,6,2591,130.58,,5128.9,1997
97848,834862,4,1170781.66,0.14,0.511,1993,5853.91,305 Ridgeview Lane,Boulder,Colorado,80328,7,6,1461,72.62,,11707.82,2011
97849,834868,3,984251.60,0.055,0.944,2012,4921.26,9731 Kropf Plaza,Denver,Colorado,80228,6,5,2456,179.96,557.25,9842.52,2005
97850,834889,6,1067903.35,0.048,0.628,2004,5339.52,5 Marcy Court,Denver,Colorado,80209,7,5,482,48,,10679.03,1994
97851,834889,4,1052339.32,0.136,0.521,2009,5261.7,6968 Ruskin Plaza,Boulder,Colorado,80310,6,4,2921,289.85,,10523.39,2003
97852,834861,2,901432.65,0.025,0.603,2008,4507.16,34 Scoville Pass,Pueblo,Colorado,81005,7,6,360,146.17,277.54,9014.33,2006
97853,834883,4,910292.92,0.123,0.603,1997,4551.46,233 Autumn Leaf Terrace,Aurora,Colorado,80045,8,6,1065,159.87,,9102.93,2003
97854,834873,5,934095.84,0.145,0.761,1986,4670.48,5 Killdeer Court,Colorado Springs,Colorado,80910,7,6,2142,25.3,,9340.96,2007
97855,834865,1,30904.64,0.096,0.821,2009,154.52,1072 Mesta Circle,Denver,Colorado,80255,8,4,590,168.91,,309.05,2005
97856,834872,2,1066136.92,0.042,0.733,1992,5330.68,8960 Scott Court,Colorado Springs,Colorado,80935,7,6,2423,212.51,,10661.37,2000
97857,834870,2,150348.19,0.141,0.414,1993,751.74,4 Farmco Avenue,Denver,Colorado,80291,6,4,671,131.23,,1503.48,2012
97858,834853,5,422974.34,0.09,0.951,2002,2114.87,82104 Moulton Court,Colorado Springs,Colorado,80915,8,4,1820,29.27,,4229.74,1986
97859,834850,5,737009.55,0.178,0.92,1992,3685.05,527 Little Fleur Junction,Aurora,Colorado,80044,8,6,2676,257.32,,7370.1,2012
97860,834892,2,1162098.29,0.053,0.454,2012,5810.49,46873 Elmside Plaza,Colorado Springs,Colorado,80920,7,5,869,254.4,,11620.98,2011
97861,834888,2,81940.04,0.163,0.658,2003,409.7,755 Butterfield Pass,Denver,Colorado,80204,7,4,1580,226.43,,819.4,2011
97862,834853,2,771988.52,0.054,0.964,2000,3859.94,417 Norway Maple Plaza,Aurora,Colorado,80015,7,6,363,284.62,,7719.89,1998
97863,834849,1,1094716.51,0.107,0.498,1995,5473.58,1360 Packers Terrace,Colorado Springs,Colorado,80925,7,5,1743,192.64,,10947.17,2003
97864,834880,4,995785.07,0.136,0.507,2008,4978.93,1442 Hanson Plaza,Colorado Springs,Colorado,80910,6,5,1065,176.57,,9957.85,1997
97865,834875,2,1099702.02,0.122,0.861,1995,5498.51,58945 Ridgeview Hill,Littleton,Colorado,80161,8,5,1708,86.01,,10997.02,1987
97866,834865,4,484041.02,0.064,0.544,2006,2420.21,3 Anderson Lane,Denver,Colorado,80279,7,6,1801,68.74,,4840.41,2011
97867,834875,6,1142182.08,0.035,0.54,1986,5710.91,6 Elka Junction,Denver,Colorado,80249,6,5,2222,30.22,,11421.82,2007
97868,834877,1,51612.10,0.132,0.788,2006,258.06,62 Bashford Point,Denver,Colorado,80243,8,6,585,234.97,,516.12,2012
97869,834859,3,33793.98,0.1,0.463,2007,168.97,66 Schmedeman Parkway,Colorado Springs,Colorado,80920,8,6,844,108.3,,337.94,1992
97870,834882,1,741758.89,0.132,0.596,2007,3708.79,7 Oak Point,Colorado Springs,Colorado,80935,6,5,339,258.25,,7417.59,2012
97871,834868,6,762609.08,0.081,0.847,2005,3813.05,819 Sugar Alley,Aurora,Colorado,80045,6,5,2769,106.02,,7626.09,2007
97872,834870,5,529845.47,0.116,0.835,1987,2649.23,27657 Fairfield Hill,Denver,Colorado,80241,6,4,947,149.5,,5298.45,2002
97873,834883,3,508607.61,0.03,0.439,2007,2543.04,8291 Farmco Alley,Pueblo,Colorado,81010,6,4,445,229.88,,5086.08,2010
97874,834871,4,449106.27,0.1,0.77,2007,2245.53,8651 Dakota Pass,Boulder,Colorado,80305,7,6,2205,26.58,,4491.06,1984
97875,834893,6,198264.20,0.016,0.448,1997,991.32,36838 Onsgard Terrace,Denver,Colorado,80228,7,6,2748,73.97,,1982.64,1991
97876,834876,1,1130361.57,0.169,0.622,1995,5651.81,425 Canary Alley,Grand Junction,Colorado,81505,6,6,1858,210.98,,11303.62,2004
97877,834884,2,880444.86,0.115,0.632,2007,4402.22,58559 Hermina Avenue,Greeley,Colorado,80638,8,4,2490,266.22,,8804.45,2002
97878,834860,4,349434.10,0.141,0.881,1998,1747.17,697 Meadow Vale Way,Colorado Springs,Colorado,80910,8,5,1332,257.03,,3494.34,1999
97879,834846,2,171945.44,0.051,0.513,2005,859.73,88 Caliangt Hill,Arvada,Colorado,80005,8,6,2522,177.01,450.78,1719.45,2011
97880,834889,1,816571.34,0.172,0.545,1995,4082.86,442 Emmet Trail,Denver,Colorado,80279,7,4,574,107.92,,8165.71,2005
97881,834886,5,329567.75,0.049,0.797,1992,1647.84,9 Ridgeview Road,Boulder,Colorado,80305,6,6,2819,22.64,,3295.68,2010
97882,834892,3,907299.13,0.092,0.542,2007,4536.5,21584 Westport Center,Grand Junction,Colorado,81505,6,6,332,92.08,,9072.99,1989
97883,834860,3,521343.77,0.051,0.799,2001,2606.72,53495 Lakewood Gardens Pass,Denver,Colorado,80241,6,5,2711,269.52,,5213.44,1995
97884,834875,3,109051.52,0.169,0.911,2011,545.26,43636 Dovetail Lane,Denver,Colorado,80279,7,4,691,101.07,,1090.52,1993
97885,834870,5,1070332.64,0.14,0.759,2000,5351.66,72 Arapahoe Alley,Arvada,Colorado,80005,8,4,987,148.31,377.43,10703.33,2011
97886,834886,6,684952.33,0.111,0.948,2005,3424.76,94 Hagan Hill,Fort Collins,Colorado,80525,6,6,1802,170.55,538.2,6849.52,1994
97887,834866,4,1164519.06,0.06,0.62,2009,5822.6,846 Loftsgordon Drive,Denver,Colorado,80270,6,6,1857,204.03,,11645.19,2000
97888,834862,4,557284.21,0.084,0.556,1990,2786.42,5 Westridge Terrace,Denver,Colorado,80270,6,5,2462,174.61,,5572.84,2011
97889,834885,3,881132.24,0.081,0.871,1993,4405.66,948 Norway Maple Lane,Grand Junction,Colorado,81505,8,6,1504,111,,8811.32,1990
97890,834852,6,882988.40,0.101,0.749,2004,4414.94,88416 Maple Wood Center,Denver,Colorado,80241,6,4,1925,186.74,,8829.88,2012
97891,834872,2,814696.20,0.011,0.824,1992,4073.48,07071 Straubel Road,Greeley,Colorado,80638,8,4,1032,200.01,,8146.96,1993
97892,834870,1,790702.72,0.177,0.435,2005,3953.51,6859 Autumn Leaf Place,Boulder,Colorado,80328,8,6,2726,204.05,60.55,7907.03,2011
97893,834846,4,964110.88,0.175,0.903,1995,4820.55,4 Dawn Hill,Pueblo,Colorado,81005,6,5,1503,87.35,,9641.11,1995
97894,834852,2,847370.94,0.128,0.892,1987,4236.85,4787 Northfield Pass,Denver,Colorado,80262,6,6,2104,289.96,,8473.71,2004
97895,834892,1,599954.56,0.108,0.87,1995,2999.77,75425 Kim Alley,Aurora,Colorado,80045,6,4,2994,186.14,,5999.55,2012
97896,834893,4,798105.79,0.059,0.954,2010,3990.53,88617 Coolidge Parkway,Denver,Colorado,80223,6,4,2386,117.79,,7981.06,2012
97897,834867,5,470120.19,0.18,0.778,2005,2350.6,69 Lillian Plaza,Denver,Colorado,80235,8,5,2634,174.88,,4701.2,1988
97898,834868,1,403848.58,0.147,0.639,2006,2019.24,30100 Kenwood Junction,Denver,Colorado,80270,7,4,2606,252.55,,4038.49,2009
97899,834876,3,351412.86,0.131,0.844,1996,1757.06,1111 Morningstar Center,Pueblo,Colorado,81010,7,4,1820,186.46,,3514.13,2011
97900,834873,2,311566.14,0.073,0.579,2005,1557.83,84 Redwing Parkway,Boulder,Colorado,80310,7,6,1976,182.93,,3115.66,2009
97901,834853,6,999324.44,0.09,0.428,2007,4996.62,30811 Nancy Road,Aurora,Colorado,80044,6,5,293,172.42,,9993.24,1989
97902,834885,5,560743.09,0.015,0.915,2001,2803.72,92155 Bunting Terrace,Littleton,Colorado,80161,8,5,1888,59.55,,5607.43,1992
97903,834854,1,976367.24,0.126,0.644,2007,4881.84,5414 Fieldstone Court,Littleton,Colorado,80161,8,6,1155,135.38,205.63,9763.67,1993
97904,834883,4,850834.03,0.07,0.499,2006,4254.17,19799 Mendota Terrace,Colorado Springs,Colorado,80920,6,4,873,21.24,,8508.34,1998
97905,834894,2,635993.49,0.139,0.5,2004,3179.97,2 Colorado Avenue,Colorado Springs,Colorado,80935,7,4,2415,194.79,,6359.93,1997
97906,834873,4,216892.50,0.054,0.716,2011,1084.46,1156 Northland Center,Denver,Colorado,80255,8,5,1795,157.76,177.68,2168.93,1997
97907,834847,5,187820.79,0.13,0.401,2011,939.1,95513 Golf View Court,Colorado Springs,Colorado,80905,6,4,1872,134.38,,1878.21,1997
97908,834883,6,1106554.90,0.097,0.431,2003,5532.77,743 Summer Ridge Court,Denver,Colorado,80228,8,5,2222,295.86,,11065.55,2006
97909,834855,3,191550.26,0.175,0.681,1991,957.75,28862 Katie Street,Colorado Springs,Colorado,80910,7,4,680,120.57,,1915.5,1988
97910,834881,5,105373.50,0.07,0.86,2006,526.87,72204 Warner Way,Denver,Colorado,80243,7,4,586,222.41,,1053.74,1984
97911,834884,4,710205.94,0.109,0.891,2010,3551.03,49 Sycamore Pass,Denver,Colorado,80217,7,4,2478,258.98,,7102.06,2005
97912,834874,4,369534.12,0.123,0.835,2001,1847.67,66945 Dorton Lane,Colorado Springs,Colorado,80910,7,5,516,162.08,,3695.34,1991
97913,834849,4,521417.31,0.147,0.895,2012,2607.09,391 Spaight Lane,Denver,Colorado,80255,8,6,2912,128.79,,5214.17,2012
97914,834870,1,846829.63,0.041,0.622,2003,4234.15,957 Stang Alley,Colorado Springs,Colorado,80945,8,4,767,200.59,,8468.3,2009
97915,834878,5,1176543.12,0.037,0.911,2010,5882.72,6328 Marquette Park,Colorado Springs,Colorado,80910,8,6,1349,113.18,,11765.43,2012
97916,834874,3,943476.87,0.054,0.653,2008,4717.38,04 Mayer Parkway,Littleton,Colorado,80126,8,6,2343,111.58,,9434.77,2011
97917,834846,4,576535.65,0.147,0.441,1995,2882.68,01 Dakota Avenue,Colorado Springs,Colorado,80925,8,4,1260,205.24,,5765.36,2009
97918,834868,6,1008925.20,0.093,0.486,2007,5044.63,97922 Bluejay Terrace,Boulder,Colorado,80310,7,4,797,68.46,,10089.25,2002
97919,834848,2,293773.96,0.074,0.792,2008,1468.87,4 Birchwood Street,Greeley,Colorado,80638,8,4,2375,79.96,,2937.74,1996
97920,834850,6,718030.32,0.169,0.846,1995,3590.15,716 Clemons Terrace,Pueblo,Colorado,81015,7,6,398,248.96,,7180.3,2010
97921,834877,6,866085.32,0.173,0.754,1993,4330.43,0 Mccormick Terrace,Denver,Colorado,80209,8,5,1264,131.07,,8660.85,2009
97922,834847,2,554533.03,0.111,0.542,2006,2772.67,5967 Packers Circle,Colorado Springs,Colorado,80930,6,5,1379,168.67,456.59,5545.33,2009
97923,834855,4,518044.73,0.04,0.949,2007,2590.22,78085 Golf Trail,Colorado Springs,Colorado,80945,7,6,2610,214.16,,5180.45,1994
97924,834875,6,709267.86,0.033,0.741,2004,3546.34,3574 Gale Junction,Denver,Colorado,80223,7,6,2976,220.92,548.47,7092.68,2010
97925,834865,5,200695.16,0.046,0.999,2006,1003.48,90 Delladonna Plaza,Denver,Colorado,80223,8,4,1922,194.21,,2006.95,2006
97926,834879,5,707385.73,0.133,0.741,1994,3536.93,18805 Pierstorff Circle,Pueblo,Colorado,81010,7,5,1264,160.48,,7073.86,2005
97927,834858,5,551062.83,0.096,0.749,2010,2755.31,293 Butterfield Avenue,Denver,Colorado,80243,8,4,1233,259.58,,5510.63,2011
97928,834864,2,660050.13,0.023,0.447,1998,3300.25,916 Luster Avenue,Denver,Colorado,80243,6,4,2192,281.26,,6600.5,2003
97929,834852,3,1103699.17,0.042,0.742,1998,5518.5,2 Fordem Point,Denver,Colorado,80299,6,4,2230,160.81,,11036.99,2002
97930,834855,3,86324.54,0.024,0.961,2005,431.62,8815 Mosinee Terrace,Fort Collins,Colorado,80525,8,5,1808,205.97,,863.25,1997
97931,834886,2,1152520.63,0.163,0.474,2000,5762.6,1488 Weeping Birch Place,Denver,Colorado,80255,6,6,1341,244.85,,11525.21,2012
97932,834876,5,391157.13,0.105,0.87,2008,1955.79,1 Brentwood Road,Denver,Colorado,80228,8,6,1473,273.23,,3911.57,2005
97933,834861,6,195273.90,0.031,0.819,2004,976.37,7504 Sauthoff Park,Pueblo,Colorado,81005,8,6,2914,285.25,,1952.74,1985
97934,834862,3,736023.74,0.124,0.505,1995,3680.12,8765 Heffernan Lane,Denver,Colorado,80223,8,4,1773,181,,7360.24,2003
97935,834894,5,639282.18,0.066,0.832,2009,3196.41,89 Blaine Way,Denver,Colorado,80223,6,6,2886,235.98,185.49,6392.82,1975
97936,834866,6,846168.60,0.063,0.421,2009,4230.84,594 Sherman Crossing,Colorado Springs,Colorado,80920,7,6,2422,144.34,,8461.69,2008
97937,834869,2,180020.78,0.154,0.99,1967,900.1,198 Red Cloud Hill,Colorado Springs,Colorado,80930,7,6,1839,163.19,,1800.21,2008
97938,834886,5,53965.82,0.124,0.783,1998,269.83,864 Memorial Avenue,Colorado Springs,Colorado,80940,8,4,1187,174.59,,539.66,2010
97939,834890,3,565897.46,0.114,0.92,1997,2829.49,4 Eastlawn Lane,Denver,Colorado,80262,7,5,1261,129.26,,5658.97,2009
97940,834860,2,145066.64,0.03,0.772,2012,725.33,14 North Trail,Colorado Springs,Colorado,80915,7,5,772,185.56,,1450.67,2009
97941,834860,6,867467.24,0.11,0.978,1995,4337.34,0185 Forest Pass,Littleton,Colorado,80161,8,6,2264,87.68,,8674.67,2010
97942,834851,2,578357.43,0.06,0.853,1990,2891.79,5 Cardinal Way,Pueblo,Colorado,81005,7,5,1951,114.45,,5783.57,2004
97943,834879,5,322260.08,0.076,0.479,2006,1611.3,18 Vahlen Alley,Colorado Springs,Colorado,80930,6,4,1454,243.67,,3222.6,2003
97944,834878,4,346459.86,0.094,0.749,2001,1732.3,792 Brentwood Parkway,Pueblo,Colorado,81005,8,6,1401,40.68,,3464.6,2001
97945,834894,1,806778.06,0.059,0.868,2001,4033.89,75 Vidon Park,Denver,Colorado,80291,8,5,1897,237.91,,8067.78,2011
97946,834874,2,1132785.04,0.042,0.581,1990,5663.93,8683 Delaware Place,Colorado Springs,Colorado,80930,8,5,1746,114.03,,11327.85,1997
97947,834888,1,623463.63,0.014,0.941,2003,3117.32,77866 Erie Court,Colorado Springs,Colorado,80930,7,5,854,292.73,,6234.64,2011
97948,834857,6,544184.29,0.117,0.728,2000,2720.92,25475 Dixon Road,Boulder,Colorado,80328,7,6,2453,251.94,,5441.84,1999
97949,834864,5,493949.87,0.011,0.825,2004,2469.75,789 Division Pass,Colorado Springs,Colorado,80905,6,6,352,111.75,,4939.5,1992
97950,834887,3,324529.81,0.096,0.922,1989,1622.65,9 Mesta Trail,Greeley,Colorado,80638,8,6,1063,46.17,,3245.3,2007
97951,834874,4,350943.63,0.037,0.917,1984,1754.72,9 Lakewood Gardens Junction,Aurora,Colorado,80045,7,5,2700,32.23,,3509.44,1991
97952,834859,2,322047.97,0.162,0.945,2004,1610.24,08 Dapin Avenue,Colorado Springs,Colorado,80910,6,5,2708,115.64,,3220.48,2012
97953,834850,2,430174.89,0.134,0.444,2005,2150.87,805 Coolidge Avenue,Boulder,Colorado,80328,6,6,841,264.83,,4301.75,1986
97954,834885,2,1192375.60,0.146,0.777,2013,5961.88,78086 Westerfield Center,Aurora,Colorado,80045,6,6,1760,173.17,,11923.76,2011
97955,834886,3,831354.87,0.079,0.694,2010,4156.77,5408 Londonderry Court,Colorado Springs,Colorado,80951,6,6,1672,169.57,,8313.55,2007
97956,834872,1,126410.78,0.063,0.473,2006,632.05,075 Dovetail Park,Denver,Colorado,80279,6,5,2895,150.3,,1264.11,2001
97957,834873,6,847786.30,0.089,0.809,2003,4238.93,8 Chive Court,Pueblo,Colorado,81015,7,6,392,143.52,,8477.86,1988
97958,834855,3,312101.02,0.086,0.442,2006,1560.51,8289 Anniversary Avenue,Littleton,Colorado,80127,6,5,526,154,,3121.01,1975
97959,834856,1,874034.75,0.039,1,2007,4370.17,48449 Green Ridge Trail,Denver,Colorado,80249,6,4,1396,129.67,,8740.35,1998
97960,834871,6,1158367.95,0.168,0.646,2000,5791.84,88528 Carioca Place,Pueblo,Colorado,81015,8,4,2863,273.7,,11583.68,2008
97961,834884,5,437670.14,0.151,0.814,1993,2188.35,2342 7th Parkway,Denver,Colorado,80217,8,4,353,90.09,595.83,4376.7,1992
97962,834847,1,323768.78,0.057,0.607,1996,1618.84,5685 Bellgrove Place,Littleton,Colorado,80127,8,5,1438,37.61,,3237.69,2000
97963,834867,5,633278.53,0.094,0.987,2001,3166.39,9096 Golf View Junction,Colorado Springs,Colorado,80920,8,4,2387,191.18,,6332.79,1984
97964,834858,4,79059.17,0.127,0.502,2011,395.3,387 Shelley Place,Pueblo,Colorado,81005,7,5,2563,264.2,208.74,790.59,1992
97965,834861,3,958854.41,0.094,0.925,2012,4794.27,4 Everett Center,Pueblo,Colorado,81010,7,6,2203,157.52,,9588.54,1990
97966,834866,5,305738.28,0.15,0.793,1998,1528.69,068 Namekagon Point,Boulder,Colorado,80310,8,6,2314,67.99,,3057.38,2009
97967,834873,6,523377.19,0.109,0.782,2006,2616.89,0 Mcbride Point,Denver,Colorado,80279,6,5,520,128.96,,5233.77,1987
97968,834851,5,1125389.21,0.106,0.995,2007,5626.95,16 Graceland Point,Colorado Springs,Colorado,80920,7,6,2344,81.13,,11253.89,1998
97969,834891,1,128310.81,0.161,0.991,2011,641.55,6 Grayhawk Point,Boulder,Colorado,80310,7,5,738,149.22,,1283.11,1997
97970,834893,5,733760.96,0.127,0.639,1992,3668.8,292 Mayer Point,Colorado Springs,Colorado,80995,6,5,1765,137.99,,7337.61,2009
97971,834882,6,790723.72,0.122,0.732,2009,3953.62,762 Sugar Road,Colorado Springs,Colorado,80920,7,4,417,228.37,,7907.24,2003
97972,834888,3,321103.51,0.05,0.857,2006,1605.52,38 Haas Hill,Boulder,Colorado,80310,8,5,1287,140.22,,3211.04,2003
97973,834885,1,325922.82,0.048,0.834,2005,1629.61,8 Magdeline Lane,Aurora,Colorado,80015,8,5,1609,259.62,,3259.23,2002
97974,834876,5,1029226.40,0.167,0.524,2011,5146.13,53 Dixon Hill,Aurora,Colorado,80044,7,6,346,299.26,,10292.26,1995
97975,834860,6,715815.20,0.105,0.653,2007,3579.08,6995 Larry Terrace,Colorado Springs,Colorado,80930,8,5,2419,206.5,,7158.15,2002
97976,834878,1,1056744.30,0.173,0.76,1995,5283.72,26 Emmet Place,Aurora,Colorado,80015,7,5,750,61.41,,10567.44,2000
97977,834849,2,818679.72,0.039,0.608,1995,4093.4,670 Elka Trail,Aurora,Colorado,80044,8,4,2509,76.03,,8186.8,2007
97978,834863,6,1180449.45,0.034,0.827,1995,5902.25,418 Monument Plaza,Colorado Springs,Colorado,80951,8,5,434,42.78,175.98,11804.49,2005
97979,834855,2,192543.85,0.05,0.74,1999,962.72,6898 Sommers Alley,Denver,Colorado,80279,6,6,1132,123.73,,1925.44,1987
97980,834874,1,1124582.54,0.035,0.766,2008,5622.91,129 Birchwood Road,Colorado Springs,Colorado,80951,8,5,2207,178.26,,11245.83,2007
97981,834884,1,883193.67,0.012,0.707,1994,4415.97,0 Crest Line Circle,Denver,Colorado,80255,6,4,1484,288.62,,8831.94,2007
97982,834878,6,1119497.62,0.091,0.729,1999,5597.49,589 Manley Road,Denver,Colorado,80235,6,5,1685,295.68,366.72,11194.98,2003
97983,834867,5,352314.96,0.024,0.539,1998,1761.57,0432 Sachtjen Parkway,Denver,Colorado,80235,7,5,1728,237.83,461.56,3523.15,1999
97984,834884,6,128316.72,0.047,0.404,2003,641.58,52157 Mariners Cove Drive,Fort Collins,Colorado,80525,7,6,889,97.42,,1283.17,2006
97985,834872,5,908241.93,0.124,0.807,2009,4541.21,72 Florence Street,Boulder,Colorado,80310,6,6,1379,214.5,,9082.42,1984
97986,834892,3,1005525.08,0.067,0.752,2000,5027.63,10319 Waxwing Alley,Pueblo,Colorado,81010,7,5,1302,29.18,,10055.25,2008
97987,834860,5,585211.28,0.082,0.798,2001,2926.06,7138 Forest Place,Denver,Colorado,80262,8,6,529,112.85,,5852.11,2010
97988,834882,2,105598.03,0.142,0.742,1994,527.99,5553 Saint Paul Circle,Boulder,Colorado,80328,7,6,1660,171.1,,1055.98,1990
97989,834873,5,466279.35,0.085,0.812,2006,2331.4,1 High Crossing Way,Denver,Colorado,80299,7,6,1689,199.01,,4662.79,1989
97990,834869,5,187209.62,0.061,0.644,1989,936.05,315 Summerview Place,Denver,Colorado,80255,8,4,2908,112.83,,1872.1,1984
97991,834875,5,1043698.76,0.111,0.938,2008,5218.49,2144 Meadow Vale Parkway,Denver,Colorado,80241,8,4,998,77.74,,10436.99,1966
97992,834861,5,1127118.17,0.07,0.486,2004,5635.59,53 Loomis Way,Aurora,Colorado,80044,7,5,1886,291.37,,11271.18,1993
97993,834853,5,793815.52,0.084,0.56,2011,3969.08,0820 Colorado Way,Colorado Springs,Colorado,80910,6,6,408,225.26,,7938.16,2011
97994,834860,3,1049163.60,0.149,0.856,1999,5245.82,0850 Ridgeway Park,Grand Junction,Colorado,81505,8,4,1601,238.28,,10491.64,1988
97995,834893,2,409801.87,0.124,0.42,1996,2049.01,549 Swallow Way,Colorado Springs,Colorado,80940,7,4,1208,250.05,,4098.02,1993
97996,834894,4,1137990.73,0.019,0.744,2007,5689.95,90488 Ryan Terrace,Denver,Colorado,80235,6,5,2338,239.66,,11379.91,2004
97997,834865,1,800683.77,0.172,0.46,2007,4003.42,796 Caliangt Avenue,Colorado Springs,Colorado,80910,6,4,284,292.36,,8006.84,2004
97998,834891,5,1071899.42,0.106,0.921,2000,5359.5,5 Charing Cross Place,Denver,Colorado,80209,8,6,1332,215.21,,10718.99,2005
97999,834854,3,818616.29,0.011,0.713,2010,4093.08,629 Warner Center,Colorado Springs,Colorado,80945,7,5,1416,43.13,,8186.16,1995
98000,834858,5,1127814.91,0.073,0.406,2005,5639.07,72 Nelson Circle,Aurora,Colorado,80044,8,6,1733,167.19,,11278.15,1986
98001,834874,5,477207.02,0.104,0.624,2006,2386.04,64 Merrick Terrace,Colorado Springs,Colorado,80910,6,6,494,40.69,,4772.07,1990
98002,834848,2,526004.05,0.039,0.464,1989,2630.02,62 Oak Alley,Denver,Colorado,80204,6,4,1040,32.81,,5260.04,1992
98003,834894,1,710298.79,0.089,0.522,1994,3551.49,29 Parkside Plaza,Littleton,Colorado,80127,8,6,576,124.79,,7102.99,1985
98004,834886,5,838534.52,0.179,0.632,2010,4192.67,104 Merrick Lane,Colorado Springs,Colorado,80915,8,5,970,241.69,,8385.35,1998
98005,834893,2,485211.62,0.039,0.84,2002,2426.06,5216 Fairview Way,Greeley,Colorado,80638,5,3,1193,166.21,,4852.12,1988
98006,834870,5,530187.89,0.069,0.551,1989,2650.94,4 Arapahoe Plaza,Denver,Colorado,80243,5,2,932,262.91,319.57,5301.88,2001
98007,834865,5,823041.18,0.082,0.622,2003,4115.21,12524 Schiller Park,Aurora,Colorado,80045,6,3,575,151.09,218.78,8230.41,1996
98008,834858,3,1109493.61,0.121,0.603,2012,5547.47,45 Clyde Gallagher Street,Aurora,Colorado,80044,5,4,2509,231.8,,11094.94,2009
98009,834876,2,936197.66,0.077,0.523,2011,4680.99,54 Westerfield Street,Aurora,Colorado,80044,6,4,1253,55.41,,9361.98,1998
98010,834885,3,618541.08,0.079,0.513,1997,3092.71,6552 David Place,Aurora,Colorado,80044,6,4,1759,271.31,,6185.41,1995
98011,834853,4,808009.66,0.046,0.947,2008,4040.05,390 Garrison Trail,Pueblo,Colorado,81010,4,2,1405,147.59,,8080.1,2004
98012,834870,2,1054562.33,0.109,0.96,2004,5272.81,26 Spenser Lane,Pueblo,Colorado,81015,5,4,1807,214.11,,10545.62,2007
98013,834888,3,36466.19,0.031,0.664,2003,182.33,5 School Crossing,Fort Collins,Colorado,80525,6,4,1118,126.11,,364.66,1991
98014,834893,2,459575.19,0.054,0.796,2008,2297.88,273 Fisk Way,Denver,Colorado,80241,4,2,295,54.49,,4595.75,2004
98015,834865,4,827872.34,0.019,0.505,2009,4139.36,9 Forster Point,Colorado Springs,Colorado,80945,4,3,2695,171.35,,8278.72,2005
98016,834857,5,91126.97,0.088,0.775,2011,455.63,689 Derek Way,Grand Junction,Colorado,81505,5,3,1413,83.69,,911.27,1998
98017,834886,1,841024.54,0.076,0.976,1993,4205.12,3 Springs Point,Denver,Colorado,80235,6,2,449,158.34,,8410.25,1994
98018,834880,3,1041870.14,0.058,0.843,1996,5209.35,580 Garrison Place,Boulder,Colorado,80328,5,4,446,221.54,,10418.7,2005
98019,834868,1,626790.58,0.042,0.978,1992,3133.95,0191 Eastwood Terrace,Colorado Springs,Colorado,80930,6,3,1239,272.78,,6267.91,2008
98020,834870,6,1091992.19,0.014,0.994,2009,5459.96,62 Emmet Avenue,Boulder,Colorado,80310,4,4,2168,188.74,,10919.92,2010
98021,834868,6,662680.85,0.137,0.657,2006,3313.4,787 La Follette Parkway,Littleton,Colorado,80127,6,3,1817,197.35,,6626.81,2008
98022,834856,1,215121.04,0.159,0.657,2006,1075.61,71730 Bobwhite Hill,Arvada,Colorado,80005,6,4,2523,31.04,,2151.21,2008
98023,834873,6,538394.34,0.136,0.582,2000,2691.97,1 Jana Street,Denver,Colorado,80270,6,2,324,130.9,,5383.94,2001
98024,834855,2,1151920.60,0.131,0.966,1993,5759.6,5019 Kipling Trail,Colorado Springs,Colorado,80920,6,2,1903,203.93,,11519.21,2008
98025,834883,1,1012497.84,0.028,0.739,2001,5062.49,4 Wayridge Alley,Boulder,Colorado,80310,5,4,1212,105.63,,10124.98,1999
98026,834887,1,799426.89,0.166,0.501,2004,3997.13,296 Forest Dale Center,Colorado Springs,Colorado,80995,5,3,943,213.22,,7994.27,2003
98027,834888,5,1182345.85,0.102,0.517,1993,5911.73,95825 Transport Trail,Denver,Colorado,80241,4,2,1819,126.96,,11823.46,2006
98028,834878,6,1064742.06,0.032,0.495,1984,5323.71,0240 Del Sol Circle,Denver,Colorado,80243,4,2,2403,101.83,,10647.42,2012
98029,834863,3,776443.71,0.134,0.568,2005,3882.22,58602 Grasskamp Place,Littleton,Colorado,80161,4,2,2667,87.93,,7764.44,2003
98030,834886,4,1008664.92,0.132,0.538,1999,5043.32,3567 Mitchell Drive,Denver,Colorado,80270,4,2,961,63.12,,10086.65,2010
98031,834848,2,562960.02,0.019,0.842,1997,2814.8,5828 Fordem Road,Pueblo,Colorado,81010,6,4,828,212.3,113.07,5629.6,2011
98032,834869,1,167450.35,0.153,0.891,2004,837.25,585 Prairie Rose Park,Denver,Colorado,80204,6,4,1382,273.75,,1674.5,2007
98033,834855,4,1082994.80,0.159,0.705,2005,5414.97,4372 Fieldstone Center,Denver,Colorado,80249,4,2,1167,154.49,,10829.95,1993
98034,834858,1,884108.15,0.037,0.41,2001,4420.54,9505 Ridgeview Alley,Colorado Springs,Colorado,80925,5,3,782,71.85,,8841.08,1992
98035,834881,3,207263.71,0.098,0.949,1982,1036.32,72504 Marcy Terrace,Colorado Springs,Colorado,80910,6,4,500,225.87,,2072.64,1996
98036,834876,5,975770.35,0.14,0.998,2008,4878.85,84 Golden Leaf Parkway,Colorado Springs,Colorado,80935,5,2,1921,198.29,,9757.7,2009
98037,834878,3,759390.82,0.128,0.702,1997,3796.95,6029 Scoville Hill,Denver,Colorado,80217,6,4,913,95.8,,7593.91,2006
98038,834883,1,680542.02,0.115,0.525,1997,3402.71,5462 Derek Terrace,Denver,Colorado,80249,6,2,392,57.43,,6805.42,2000
98039,834877,4,779987.09,0.045,0.557,1963,3899.94,576 Orin Terrace,Pueblo,Colorado,81010,5,4,1111,247.91,,7799.87,2009
98040,834876,6,836942.73,0.148,0.9,1996,4184.71,37 Hallows Park,Colorado Springs,Colorado,80951,6,4,2026,197.56,,8369.43,1999
98041,834851,6,252631.43,0.147,0.435,1997,1263.16,3 Westerfield Junction,Colorado Springs,Colorado,80935,4,2,1910,114.73,,2526.31,1996
98042,834884,4,564557.10,0.112,0.896,2003,2822.79,672 Karstens Junction,Denver,Colorado,80255,4,3,2698,45.09,,5645.57,1995
98043,834881,1,711856.62,0.143,0.846,1995,3559.28,4120 Northfield Parkway,Boulder,Colorado,80328,6,2,660,64.49,,7118.57,1969
98044,834873,4,197583.80,0.176,0.521,1999,987.92,1818 Buhler Point,Englewood,Colorado,80150,6,4,2099,63.3,,1975.84,1986
98045,834880,4,615876.69,0.123,0.785,1988,3079.38,796 Derek Street,Boulder,Colorado,80328,5,4,1921,131.98,,6158.77,1997
98046,834866,2,563488.43,0.097,0.85,2008,2817.44,15 Westend Road,Denver,Colorado,80204,5,4,2630,275.78,,5634.88,2010
98047,834894,2,327672.27,0.129,0.585,2004,1638.36,03182 Bluejay Drive,Denver,Colorado,80279,5,2,2452,211.72,,3276.72,2012
98048,834880,2,914427.52,0.057,0.45,1999,4572.14,9134 Loftsgordon Alley,Denver,Colorado,80291,5,3,2835,126.05,,9144.28,1974
98049,834852,4,163596.82,0.116,0.855,1995,817.98,83 Onsgard Point,Boulder,Colorado,80310,5,3,1887,20.16,,1635.97,1987
98050,834858,1,398296.12,0.146,0.667,1988,1991.48,26 Texas Terrace,Colorado Springs,Colorado,80951,6,3,637,208.8,,3982.96,1998
98051,834873,1,200353.49,0.103,0.697,2000,1001.77,3920 Hanson Way,Denver,Colorado,80223,4,2,2276,193.24,326.36,2003.53,2001
98052,834893,4,706685.44,0.043,0.492,2005,3533.43,7 Lunder Hill,Colorado Springs,Colorado,80930,5,3,382,218.92,,7066.85,2011
98053,834856,1,1091270.53,0.021,0.646,2002,5456.35,359 Logan Center,Pueblo,Colorado,81010,6,2,2714,114.87,,10912.71,2009
98054,834868,4,858189.50,0.107,0.831,1997,4290.95,1736 Briar Crest Parkway,Boulder,Colorado,80310,5,3,1942,227.17,,8581.9,1963
98055,834878,6,838817.92,0.052,0.681,1987,4194.09,8399 Katie Way,Littleton,Colorado,80126,4,2,2090,260.37,,8388.18,2011
98056,834871,1,1025767.95,0.065,0.971,1997,5128.84,6 Bonner Park,Boulder,Colorado,80328,6,4,323,129.73,,10257.68,1992
98057,834868,3,314887.59,0.135,0.701,2007,1574.44,479 Karstens Trail,Greeley,Colorado,80638,5,2,2353,234.13,573.44,3148.88,2005
98058,834890,2,746339.25,0.046,0.439,2003,3731.7,0 Valley Edge Park,Boulder,Colorado,80310,6,3,433,270.22,505.55,7463.39,1989
98059,834881,3,622268.26,0.117,0.809,2005,3111.34,26 Mcguire Hill,Aurora,Colorado,80044,6,4,2215,260.2,,6222.68,2006
98060,834865,1,465079.78,0.071,0.476,2008,2325.4,6682 Alpine Parkway,Colorado Springs,Colorado,80995,4,2,746,251,,4650.8,2001
98061,834886,1,1025807.43,0.175,0.581,2007,5129.04,9749 Jana Street,Denver,Colorado,80235,5,4,437,229.07,,10258.07,2012
98062,834863,3,955928.64,0.151,0.454,1994,4779.64,2805 Westport Parkway,Denver,Colorado,80204,6,4,808,193.32,,9559.29,2006
98063,834881,6,1067598.40,0.016,0.925,1986,5337.99,83 Arrowood Way,Grand Junction,Colorado,81505,6,3,2669,66.66,,10675.98,1966
98064,834879,4,1042451.46,0.072,0.657,1989,5212.26,6 Wayridge Hill,Pueblo,Colorado,81015,4,4,1098,272.86,407.13,10424.51,1997
98065,834853,3,453018.92,0.084,0.692,1985,2265.09,3 Lukken Street,Denver,Colorado,80262,4,2,2215,98.53,,4530.19,1995
98066,834858,4,1163664.54,0.1,0.981,1974,5818.32,3166 Green Ridge Place,Denver,Colorado,80262,4,3,812,95.49,,11636.65,2004
98067,834852,4,406032.07,0.157,0.523,1993,2030.16,4334 East Crossing,Boulder,Colorado,80328,5,3,995,144.04,,4060.32,1998
98068,834854,6,1073765.32,0.045,0.816,1984,5368.83,590 Dixon Place,Aurora,Colorado,80045,6,3,2218,152.84,,10737.65,2006
98069,834878,1,863789.69,0.027,0.953,2005,4318.95,4324 Doe Crossing Park,Pueblo,Colorado,81015,6,2,597,241.76,150.4,8637.9,2002
98070,834893,6,1159035.23,0.135,0.837,1999,5795.18,3 Macpherson Junction,Colorado Springs,Colorado,80951,6,4,2945,99.8,,11590.35,1988
98071,834866,6,995372.98,0.011,0.401,2007,4976.86,1 Mendota Road,Littleton,Colorado,80161,5,4,680,55.63,,9953.73,1992
98072,834884,1,1081241.63,0.095,0.622,1999,5406.21,0166 Corben Crossing,Greeley,Colorado,80638,4,4,2261,259.52,,10812.42,1991
98073,834890,4,1019482.47,0.092,0.697,2006,5097.41,596 Ramsey Point,Colorado Springs,Colorado,80910,5,2,839,95.25,,10194.82,2002
98074,834861,1,279494.97,0.127,0.844,1994,1397.47,4178 Rieder Plaza,Aurora,Colorado,80015,6,3,2003,278.58,598.99,2794.95,2010
98075,834866,4,341982.26,0.096,0.599,2005,1709.91,41624 Hazelcrest Lane,Englewood,Colorado,80150,6,3,742,27.2,,3419.82,1988
98076,834859,2,1108702.04,0.035,0.418,1993,5543.51,6349 Lawn Junction,Littleton,Colorado,80127,6,2,1462,32.67,,11087.02,2000
98077,834883,2,118290.14,0.029,0.499,1996,591.45,8170 Corben Avenue,Denver,Colorado,80279,4,3,2979,279.94,415.04,1182.9,1994
98078,834891,5,956103.72,0.117,0.591,2012,4780.52,5 Florence Crossing,Boulder,Colorado,80310,4,3,1568,297.99,,9561.04,2007
98079,834855,2,164779.54,0.074,0.503,2010,823.9,82487 Fairfield Place,Colorado Springs,Colorado,80940,4,3,1542,137.38,,1647.8,2012
98080,834885,5,440512.33,0.174,0.6,2000,2202.56,062 Toban Plaza,Aurora,Colorado,80044,4,2,706,277.87,,4405.12,1995
98081,834880,2,283964.52,0.173,0.437,2011,1419.82,8379 Burning Wood Place,Denver,Colorado,80209,5,3,1760,135.53,260.76,2839.65,2008
98082,834883,5,1125686.06,0.164,0.574,1994,5628.43,126 Parkside Way,Aurora,Colorado,80045,5,2,995,224.65,,11256.86,2008
98083,834880,2,590749.80,0.125,0.861,1998,2953.75,89127 Riverside Circle,Denver,Colorado,80299,6,2,722,179.31,,5907.5,2008
98084,834871,6,363512.91,0.026,0.571,2011,1817.56,3 Spaight Parkway,Denver,Colorado,80279,4,3,1687,91.57,,3635.13,2007
98085,834846,6,900527.31,0.166,0.586,2011,4502.64,96 4th Point,Colorado Springs,Colorado,80925,6,2,1769,285.55,,9005.27,1999
98086,834870,1,796751.87,0.124,0.519,2012,3983.76,656 Division Point,Denver,Colorado,80262,6,2,893,52.33,,7967.52,2005
98087,834854,4,990591.44,0.177,0.446,2008,4952.96,405 Warbler Park,Denver,Colorado,80209,5,2,2705,78.28,,9905.91,2001
98088,834894,1,767240.05,0.04,0.665,2005,3836.2,090 Heffernan Pass,Denver,Colorado,80291,6,3,274,146.02,,7672.4,1992
98089,834863,3,853486.13,0.136,0.92,2009,4267.43,32 Sheridan Terrace,Aurora,Colorado,80045,5,3,2909,88.16,,8534.86,2009
98090,834867,3,879720.20,0.077,0.898,1996,4398.6,967 Gerald Road,Pueblo,Colorado,81005,5,4,1794,39.57,,8797.2,2000
98091,834852,1,918893.37,0.065,0.894,2000,4594.47,566 International Avenue,Pueblo,Colorado,81015,6,4,1703,79.25,,9188.93,2011
98092,834888,2,584249.66,0.143,0.621,1994,2921.25,047 Victoria Way,Colorado Springs,Colorado,80935,4,3,776,174.93,,5842.5,1991
98093,834855,6,322196.91,0.136,1,1997,1610.98,01104 Morning Center,Denver,Colorado,80291,4,4,387,112.63,,3221.97,2006
98094,834849,3,817133.95,0.013,0.806,2010,4085.67,11753 Brickson Park Place,Colorado Springs,Colorado,80910,5,3,2565,251.12,,8171.34,1992
98095,834853,6,818799.86,0.066,0.952,1968,4094,1 Everett Place,Denver,Colorado,80291,5,4,1711,265.53,,8188,1997
98096,834872,2,539994.81,0.062,0.765,2005,2699.97,4 Ruskin Point,Aurora,Colorado,80044,4,3,2585,167.76,,5399.95,2008
98097,834892,6,36322.07,0.156,0.461,2006,181.61,01612 Fordem Way,Englewood,Colorado,80150,5,2,1709,219.18,,363.22,1997
98098,834887,5,1016641.94,0.065,0.84,1997,5083.21,922 Fairfield Junction,Aurora,Colorado,80015,5,3,2303,268.17,,10166.42,1993
98099,834894,3,637443.48,0.096,0.862,2006,3187.22,66676 Truax Point,Colorado Springs,Colorado,80945,6,3,1993,246.91,,6374.43,1991
98100,834856,6,1143956.55,0.084,0.548,2004,5719.78,1 Hallows Road,Denver,Colorado,80204,4,3,1110,50.12,,11439.57,1993
98101,834881,4,836037.86,0.05,0.471,2003,4180.19,57 Monterey Hill,Boulder,Colorado,80305,6,4,1181,43.07,,8360.38,1989
98102,834854,3,800516.36,0.04,0.939,2006,4002.58,6 Lighthouse Bay Crossing,Denver,Colorado,80223,4,2,2609,75.99,484.31,8005.16,2012
98103,834880,6,880899.72,0.104,0.846,1997,4404.5,2870 Paget Road,Denver,Colorado,80217,6,2,2722,260.61,,8809,2011
98104,834850,1,36598.21,0.106,0.836,1997,182.99,89363 Forest Run Crossing,Denver,Colorado,80241,4,2,1383,122.9,,365.98,2012
98105,834894,1,704951.60,0.066,0.717,2004,3524.76,92400 Chinook Trail,Colorado Springs,Colorado,80915,5,2,401,25.1,,7049.52,1994
98106,834883,2,791011.58,0.023,0.72,1985,3955.06,1 Dryden Trail,Denver,Colorado,80217,4,3,2278,221.84,,7910.12,1990
98107,834850,5,667871.02,0.095,0.562,1995,3339.36,463 Jay Way,Aurora,Colorado,80045,6,2,1919,220.62,,6678.71,2002
98108,834882,6,56111.63,0.101,0.492,2003,280.56,93 Eastlawn Way,Colorado Springs,Colorado,80920,4,2,481,230.84,,561.12,2001
98109,834880,1,485920.46,0.105,0.642,2006,2429.6,4 La Follette Way,Aurora,Colorado,80044,5,3,735,165.61,,4859.2,2010
98110,834861,1,349908.28,0.061,0.465,1996,1749.54,0297 Lawn Junction,Grand Junction,Colorado,81505,4,4,2414,196.07,,3499.08,2002
98111,834849,4,1032245.65,0.151,0.563,2009,5161.23,64 Cardinal Alley,Greeley,Colorado,80638,6,2,1104,107.34,,10322.46,2000
98112,834850,4,275470.81,0.152,0.882,1994,1377.35,84464 Hayes Crossing,Denver,Colorado,80279,6,4,843,150.3,,2754.71,1993
98113,834877,6,980763.01,0.172,0.98,1985,4903.82,2 Cordelia Junction,Colorado Springs,Colorado,80951,6,4,2427,187.98,,9807.63,2003
98114,834888,3,583574.45,0.142,0.565,1993,2917.87,821 Prairie Rose Pass,Denver,Colorado,80249,6,3,2211,228.9,,5835.74,1997
98115,834891,3,430688.70,0.159,0.978,1994,2153.44,8331 Cambridge Crossing,Denver,Colorado,80279,5,2,1167,207.67,,4306.89,2012
98116,834852,2,1028622.97,0.169,0.933,2004,5143.11,4279 Steensland Way,Pueblo,Colorado,81015,4,2,1261,270.13,,10286.23,1999
98117,834872,2,200825.39,0.094,0.948,1966,1004.13,9754 Erie Trail,Colorado Springs,Colorado,80925,5,4,1512,66.07,,2008.25,2000
98118,834894,6,38264.97,0.117,0.509,2006,191.32,8192 Tennyson Avenue,Colorado Springs,Colorado,80995,4,3,2837,240.8,,382.65,2008
98119,834893,6,482921.62,0.124,0.506,2005,2414.61,77 Stephen Trail,Colorado Springs,Colorado,80925,4,3,2426,115.48,,4829.22,2007
98120,834872,2,1091843.40,0.117,0.527,2009,5459.22,5 Hermina Drive,Colorado Springs,Colorado,80940,6,3,2888,169.58,388.24,10918.43,1997
98121,834882,2,1037660.66,0.165,0.827,2010,5188.3,7397 Fieldstone Plaza,Denver,Colorado,80217,4,2,529,201.11,,10376.61,2012
98122,834846,1,902249.72,0.032,0.801,2001,4511.25,85 Raven Park,Grand Junction,Colorado,81505,4,3,2779,172.58,,9022.5,2001
98123,834851,5,449324.87,0.052,0.643,1994,2246.62,081 Burning Wood Lane,Aurora,Colorado,80015,6,3,778,51.26,,4493.25,2010
98124,834883,1,1181983.00,0.163,0.982,2010,5909.92,5 Fulton Way,Pueblo,Colorado,81010,6,4,2727,226.84,,11819.83,2007
98125,834885,6,184236.80,0.129,0.954,2007,921.18,6 Maple Center,Denver,Colorado,80235,5,4,1658,239.08,,1842.37,1997
98126,834883,5,676272.29,0.102,0.556,2002,3381.36,82 Weeping Birch Alley,Pueblo,Colorado,81015,4,4,1327,37.03,,6762.72,1994
98127,834847,5,741949.86,0.05,0.748,1992,3709.75,60672 Clove Junction,Boulder,Colorado,80310,4,3,2031,211.49,,7419.5,2000
98128,834846,6,574881.33,0.042,0.786,1995,2874.41,36 Bowman Alley,Denver,Colorado,80223,6,3,2740,268.88,,5748.81,1987
98129,834854,5,52013.22,0.127,0.46,2003,260.07,6292 Butterfield Circle,Grand Junction,Colorado,81505,6,4,2073,211.67,,520.13,2006
98130,834881,6,966610.66,0.017,0.643,1998,4833.05,428 Ronald Regan Street,Greeley,Colorado,80638,5,4,1427,23.55,,9666.11,1997
98131,834854,6,281255.81,0.13,0.818,1999,1406.28,783 Superior Crossing,Colorado Springs,Colorado,80940,6,4,1568,90.79,474.23,2812.56,1987
98132,834857,2,143285.47,0.03,0.506,1999,716.43,0 Spohn Alley,Denver,Colorado,80255,6,2,2608,228.96,,1432.85,2006
98133,834864,6,256967.57,0.167,0.592,2002,1284.84,0036 Ryan Drive,Fort Collins,Colorado,80525,4,2,1138,29.9,,2569.68,1993
98134,834890,3,985114.83,0.128,0.866,2000,4925.57,01 Fremont Alley,Pueblo,Colorado,81005,6,3,2502,224.27,,9851.15,2001
98135,834861,2,959996.31,0.016,0.928,2000,4799.98,2270 Towne Court,Fort Collins,Colorado,80525,6,3,269,188.29,,9599.96,1997
98136,834891,4,216627.33,0.076,0.742,1993,1083.14,6 Lakeland Circle,Colorado Springs,Colorado,80910,4,4,2746,55.56,,2166.27,1961
98137,834884,3,494570.30,0.029,0.419,1986,2472.85,22913 Iowa Plaza,Denver,Colorado,80209,5,4,721,177.77,,4945.7,1992
98138,834846,2,1130692.48,0.07,0.55,2012,5653.46,234 Ridgeview Center,Denver,Colorado,80209,6,4,2860,195.36,,11306.92,1997
98139,834893,1,1028414.16,0.056,0.706,1993,5142.07,29 Hansons Center,Colorado Springs,Colorado,80995,5,2,2088,147.93,,10284.14,2010
98140,834892,6,506224.19,0.125,0.652,1991,2531.12,3735 Red Cloud Avenue,Denver,Colorado,80243,6,3,1445,260.62,,5062.24,2010
98141,834868,6,505662.73,0.115,0.596,2001,2528.31,86295 Merrick Street,Denver,Colorado,80299,6,2,370,162.98,4.13,5056.63,2006
98142,834867,5,417340.31,0.022,0.763,2004,2086.7,09 Fuller Parkway,Colorado Springs,Colorado,80930,4,2,666,156.93,,4173.4,1999
98143,834856,2,1193434.54,0.144,0.945,2008,5967.17,85 Gerald Plaza,Boulder,Colorado,80305,5,2,358,130.7,,11934.35,2001
98144,834859,4,316145.00,0.13,0.616,2001,1580.73,469 Hansons Circle,Denver,Colorado,80262,5,3,1201,235.64,,3161.45,1987
98145,834886,1,1018660.70,0.101,0.766,2010,5093.3,4890 Forest Run Junction,Denver,Colorado,80299,6,2,663,279.75,42.01,10186.61,2008
98146,834882,1,70688.40,0.091,0.857,2005,353.44,30283 Darwin Way,Denver,Colorado,80204,6,3,1431,112.97,,706.88,1992
98147,834884,5,32769.96,0.012,0.652,1998,163.85,2845 Daystar Point,Colorado Springs,Colorado,80920,5,3,2015,57.69,,327.7,1999
98148,834879,6,711879.61,0.169,0.736,1995,3559.4,0612 Paget Junction,Denver,Colorado,80279,5,2,2592,152.85,,7118.8,2012
98149,834863,5,861058.07,0.15,0.479,1992,4305.29,51898 Colorado Place,Colorado Springs,Colorado,80930,4,3,2368,224.19,,8610.58,2010
98150,834852,2,1149681.05,0.021,0.529,1997,5748.41,6 Monica Junction,Colorado Springs,Colorado,80925,4,4,767,198.68,,11496.81,1993
98151,834848,4,1191667.22,0.127,0.437,2010,5958.34,3148 Hudson Way,Littleton,Colorado,80161,5,2,405,280.31,,11916.67,2000
98152,834847,5,553103.78,0.09,0.52,2007,2765.52,3 Reinke Drive,Greeley,Colorado,80638,4,3,1175,50.42,,5531.04,2006
98153,834858,1,365463.25,0.086,0.639,2012,1827.32,477 Manufacturers Street,Denver,Colorado,80217,5,3,1041,125.3,,3654.63,2000
98154,834847,3,940751.65,0.034,0.791,2010,4703.76,298 Orin Lane,Grand Junction,Colorado,81505,5,3,1144,54.28,,9407.52,2004
98155,834882,2,546077.25,0.012,0.57,1999,2730.39,876 Karstens Avenue,Denver,Colorado,80291,4,4,1438,45.48,,5460.77,2009
98156,834869,1,679725.44,0.104,0.917,1969,3398.63,05 Kings Junction,Denver,Colorado,80241,4,2,709,170.4,544.71,6797.25,2004
98157,834848,1,1108579.91,0.123,0.734,2009,5542.9,66927 Forest Run Court,Pueblo,Colorado,81005,5,4,2833,246.98,,11085.8,2010
98158,834881,3,236442.15,0.015,0.488,1967,1182.21,346 Bartelt Parkway,Colorado Springs,Colorado,80910,6,3,621,133.57,,2364.42,1995
98159,834882,5,906731.22,0.135,0.935,2004,4533.66,276 Canary Junction,Denver,Colorado,80241,6,4,634,141.5,,9067.31,1988
98160,834857,6,499385.49,0.018,0.481,2008,2496.93,9 Spohn Trail,Grand Junction,Colorado,81505,4,2,2076,187.14,,4993.85,1993
98161,834852,4,116139.85,0.168,0.832,2006,580.7,8 Mosinee Pass,Denver,Colorado,80249,6,4,2999,243.05,,1161.4,2005
98162,834859,3,791638.10,0.051,0.509,2003,3958.19,60445 Jenifer Center,Aurora,Colorado,80015,4,4,644,168.56,,7916.38,1992
98163,834886,3,280018.36,0.141,0.777,1995,1400.09,7106 Lunder Circle,Colorado Springs,Colorado,80951,4,2,773,91.14,,2800.18,1993
98164,834862,2,1067112.66,0.035,0.668,2003,5335.56,59 Corscot Trail,Aurora,Colorado,80044,4,3,1268,189,,10671.13,2012
98165,834848,5,464638.78,0.039,0.767,1999,2323.19,2 Center Alley,Denver,Colorado,80243,4,4,2005,190.47,,4646.39,1988
98166,834887,3,151208.42,0.048,0.716,1993,756.04,83970 Trailsway Park,Colorado Springs,Colorado,80920,6,3,1465,219.72,,1512.08,1992
98167,834881,5,749935.13,0.041,0.798,1999,3749.68,35744 Maryland Center,Pueblo,Colorado,81015,5,2,343,39.8,,7499.35,2003
98168,834847,1,92938.42,0.039,0.615,2011,464.69,91433 Tony Parkway,Colorado Springs,Colorado,80940,5,4,672,208.31,,929.38,2012
98169,834847,3,1182567.88,0.089,0.64,2007,5912.84,6087 Muir Junction,Littleton,Colorado,80161,4,3,1264,206.14,,11825.68,2013
98170,834868,5,304559.63,0.171,0.579,1989,1522.8,78 Brentwood Alley,Colorado Springs,Colorado,80940,5,4,1333,286.47,,3045.6,2002
98171,834884,2,128330.23,0.119,0.497,2006,641.65,58 Loeprich Trail,Pueblo,Colorado,81005,6,3,1580,299.07,,1283.3,1994
98172,834851,1,377353.55,0.08,0.485,1998,1886.77,155 Duke Place,Denver,Colorado,80299,4,2,1057,190.88,,3773.54,1992
98173,834892,4,825306.68,0.113,0.541,2010,4126.53,6 Colorado Trail,Littleton,Colorado,80161,5,2,2928,70.27,,8253.07,2006
98174,834868,5,219246.30,0.127,0.451,2011,1096.23,82239 Ryan Lane,Littleton,Colorado,80161,6,4,1549,284.21,,2192.46,1993
98175,834859,2,95706.49,0.016,0.512,1993,478.53,80066 Spenser Point,Aurora,Colorado,80015,5,3,2357,275,,957.06,2011
98176,834863,2,493052.20,0.111,0.688,1987,2465.26,9 Mayer Alley,Boulder,Colorado,80328,5,2,1585,178.97,,4930.52,2011
98177,834857,2,1002027.92,0.132,0.626,2001,5010.14,688 Walton Way,Denver,Colorado,80217,5,3,1761,294.29,,10020.28,1994
98178,834890,3,87854.42,0.178,0.965,1996,439.27,38765 Farmco Pass,Denver,Colorado,80235,5,4,927,162.6,,878.54,2011
98179,834846,1,211760.75,0.095,0.684,2006,1058.8,5 Londonderry Point,Greeley,Colorado,80638,4,3,519,193.54,300.82,2117.61,1991
98180,834881,1,139562.80,0.085,0.995,1988,697.81,194 Esker Trail,Boulder,Colorado,80305,5,4,1584,137.45,,1395.63,2002
98181,834850,1,296029.85,0.021,0.473,2010,1480.15,3 Sage Circle,Colorado Springs,Colorado,80915,6,2,795,210.87,,2960.3,2004
98182,834892,1,483691.69,0.069,0.432,2005,2418.46,3 Luster Park,Colorado Springs,Colorado,80920,5,4,1251,31.8,,4836.92,2002
98183,834883,5,613835.64,0.029,0.65,2008,3069.18,34325 Oxford Plaza,Pueblo,Colorado,81010,5,2,2607,144.54,,6138.36,1995
98184,834890,1,499881.19,0.015,0.973,1991,2499.41,06788 Melody Pass,Colorado Springs,Colorado,80940,5,2,1868,198.88,,4998.81,2009
98185,834894,3,396742.02,0.098,0.96,2004,1983.71,838 Thierer Avenue,Colorado Springs,Colorado,80951,6,2,2652,290.39,,3967.42,2000
98186,834859,4,526728.82,0.084,0.412,1999,2633.64,26979 South Street,Denver,Colorado,80299,5,4,2017,211.21,,5267.29,2001
98187,834888,1,890116.97,0.08,0.895,1976,4450.58,82005 Dexter Parkway,Denver,Colorado,80228,4,4,2745,161.86,,8901.17,1989
98188,834864,3,131219.64,0.128,0.603,2006,656.1,7 Bultman Pass,Denver,Colorado,80217,5,2,2622,48.36,425.42,1312.2,2003
98189,834875,2,331537.66,0.144,0.449,2008,1657.69,1 Atwood Junction,Denver,Colorado,80209,5,3,758,277.62,,3315.38,2012
98190,834885,6,623685.29,0.115,0.8,2009,3118.43,194 North Place,Pueblo,Colorado,81015,6,2,590,52.59,,6236.85,2004
98191,834861,1,246992.46,0.161,0.617,1993,1234.96,6557 3rd Crossing,Denver,Colorado,80279,4,3,2729,143.88,,2469.92,2003
98192,834862,1,1060729.07,0.154,0.543,1992,5303.65,3219 Loomis Circle,Littleton,Colorado,80126,6,4,1769,292.81,,10607.29,2008
98193,834864,6,1132802.99,0.159,0.649,2011,5664.01,4133 Scofield Crossing,Denver,Colorado,80291,4,2,2869,137.72,,11328.03,2006
98194,834854,6,857603.60,0.171,0.416,2007,4288.02,9 Grover Parkway,Colorado Springs,Colorado,80930,5,2,380,102.19,,8576.04,2008
98195,834850,3,584765.80,0.014,0.796,2012,2923.83,31 Holmberg Point,Greeley,Colorado,80638,5,3,944,64.87,,5847.66,2003
98196,834892,2,371313.16,0.022,0.447,1995,1856.57,37 Crest Line Street,Colorado Springs,Colorado,80915,5,2,2691,102.15,,3713.13,2003
98197,834866,2,500301.80,0.142,0.672,1993,2501.51,309 Hooker Hill,Denver,Colorado,80204,5,4,1114,112.68,,5003.02,1965
98198,834869,4,675737.06,0.046,0.522,2006,3378.69,6 Bunker Hill Circle,Denver,Colorado,80243,5,2,255,221.78,,6757.37,2004
98199,834888,4,64105.89,0.032,0.908,2011,320.53,44107 Boyd Road,Fort Collins,Colorado,80525,4,2,297,131.33,,641.06,1992
98200,834890,6,523170.50,0.113,0.974,2010,2615.85,9 Oriole Alley,Colorado Springs,Colorado,80920,6,4,1780,38.04,,5231.71,1999
98201,834851,5,859996.82,0.176,0.594,2003,4299.98,70 Fair Oaks Hill,Englewood,Colorado,80150,4,2,1498,170.09,,8599.97,2000
98202,834848,6,865900.42,0.028,0.898,1990,4329.5,55 Karstens Center,Littleton,Colorado,80127,4,2,1123,68.49,,8659,2007
98203,834847,5,750582.90,0.072,0.688,1998,3752.91,375 Summer Ridge Alley,Boulder,Colorado,80310,5,3,1653,33.22,,7505.83,1992
98204,834869,6,893800.75,0.172,0.835,2002,4469,50 Loomis Lane,Denver,Colorado,80209,5,3,1940,59.5,,8938.01,2006
98205,834848,6,146783.38,0.048,0.829,2000,733.92,4355 Ronald Regan Street,Pueblo,Colorado,81010,6,4,1178,136.88,,1467.83,2002
98206,834876,4,484849.29,0.082,0.772,2006,2424.25,922 Loomis Terrace,Denver,Colorado,80235,6,3,2456,147.34,,4848.49,2004
98207,834857,6,915580.86,0.104,0.944,2003,4577.9,7681 Sycamore Pass,Denver,Colorado,80249,6,2,453,282.96,,9155.81,1992
98208,834881,3,691333.52,0.075,0.47,2008,3456.67,341 Porter Way,Pueblo,Colorado,81015,4,3,1338,84.4,,6913.34,2001
98209,834885,4,825047.85,0.132,0.586,1993,4125.24,379 Packers Terrace,Boulder,Colorado,80305,6,4,2936,241.59,,8250.48,1999
98210,834848,1,750003.52,0.062,0.785,2004,3750.02,40606 Norway Maple Center,Aurora,Colorado,80045,6,2,2932,26.57,,7500.04,1989
98211,834857,1,643642.72,0.143,0.821,1995,3218.21,4 Farragut Terrace,Denver,Colorado,80243,4,4,2654,279.62,,6436.43,1996
98212,834848,3,534558.88,0.031,0.569,1997,2672.79,69604 Ludington Center,Denver,Colorado,80262,4,3,277,178.37,,5345.59,2008
98213,834851,5,219337.01,0.147,0.997,1992,1096.69,36912 Columbus Hill,Aurora,Colorado,80044,5,3,1319,291.55,,2193.37,2000
98214,834862,3,143387.52,0.157,0.598,2012,716.94,866 Golf Place,Colorado Springs,Colorado,80930,6,3,1882,119.01,,1433.88,2003
98215,834856,2,820514.76,0.161,0.528,2012,4102.57,18808 Buena Vista Plaza,Grand Junction,Colorado,81505,4,4,834,144,,8205.15,2010
98216,834868,2,1070622.90,0.171,0.795,1992,5353.11,6935 Elka Junction,Denver,Colorado,80241,6,4,2861,248.34,,10706.23,2005
98217,834846,2,681931.27,0.179,0.451,2010,3409.66,3 Veith Junction,Littleton,Colorado,80126,5,3,1073,234.67,,6819.31,2001
98218,834868,6,680383.75,0.136,0.698,2004,3401.92,43127 Russell Hill,Pueblo,Colorado,81005,4,2,431,177.9,,6803.84,1995
98219,834886,4,548345.76,0.143,0.615,2003,2741.73,2 Chinook Way,Colorado Springs,Colorado,80995,4,3,285,225.09,,5483.46,1994
98220,834862,6,634345.50,0.169,0.406,2008,3171.73,1 Kensington Court,Denver,Colorado,80249,5,2,282,256.28,,6343.46,2002
98221,834880,2,531994.31,0.128,0.849,2004,2659.97,368 Summit Junction,Littleton,Colorado,80126,5,3,1525,20.81,,5319.94,2001
98222,834880,6,481117.31,0.044,0.602,1999,2405.59,22777 Anderson Trail,Englewood,Colorado,80150,4,2,2315,48.42,,4811.17,2000
98223,834873,2,441189.82,0.019,0.584,2009,2205.95,658 Schurz Park,Denver,Colorado,80228,4,4,2729,99.66,,4411.9,1972
98224,834880,1,765701.88,0.162,0.516,2011,3828.51,62326 Mayer Circle,Colorado Springs,Colorado,80940,4,2,2400,260.41,,7657.02,1981
98225,834878,5,371367.93,0.152,0.638,1968,1856.84,5508 Briar Crest Avenue,Colorado Springs,Colorado,80995,4,2,1900,89.31,,3713.68,1999
98226,834860,3,94821.13,0.073,0.635,1997,474.11,312 Fisk Place,Colorado Springs,Colorado,80935,4,4,659,24.66,,948.21,1997
98227,834855,5,974475.90,0.074,0.87,1990,4872.38,86401 Delladonna Park,Colorado Springs,Colorado,80995,4,4,2666,229.15,,9744.76,2004
98228,834893,5,1007906.13,0.018,0.759,2006,5039.53,243 School Junction,Denver,Colorado,80209,5,3,1879,205.96,,10079.06,2001
98229,834873,1,441349.61,0.126,0.768,1996,2206.75,8 Blackbird Terrace,Colorado Springs,Colorado,80951,4,2,2357,24.74,,4413.5,2004
98230,834863,3,107201.46,0.02,0.502,1994,536.01,409 Wayridge Park,Denver,Colorado,80262,5,2,515,76.44,,1072.01,2003
98231,834881,3,489841.83,0.055,0.593,2008,2449.21,78 Porter Plaza,Englewood,Colorado,80150,6,4,1384,106.39,,4898.42,1999
98232,834857,3,766306.01,0.157,0.637,2002,3831.53,44792 Michigan Court,Littleton,Colorado,80161,5,4,1137,239.12,251.26,7663.06,1988
98233,834866,6,719087.57,0.114,0.75,2008,3595.44,18789 Westport Hill,Colorado Springs,Colorado,80930,6,3,2057,22.27,,7190.88,2011
98234,834863,1,1099268.78,0.134,0.847,2003,5496.34,4 Del Sol Pass,Aurora,Colorado,80015,4,4,2914,119.58,,10992.69,2006
98235,834860,6,578330.79,0.032,0.827,1992,2891.65,9 Jackson Drive,Littleton,Colorado,80161,5,3,1551,44.65,,5783.31,2009
98236,834888,6,1144904.35,0.086,0.932,1998,5724.52,3 Ridge Oak Plaza,Fort Collins,Colorado,80525,4,4,309,101.89,,11449.04,1995
98237,834866,5,565769.00,0.085,0.924,2011,2828.85,26351 Bobwhite Court,Pueblo,Colorado,81015,6,2,396,87.12,,5657.69,2003
98238,834891,2,227334.86,0.136,0.591,1998,1136.67,52 Bluejay Crossing,Denver,Colorado,80299,6,2,368,46.47,,2273.35,1984
98239,834871,1,798582.73,0.115,0.462,2002,3992.91,1344 Crowley Plaza,Pueblo,Colorado,81010,5,2,1230,169.13,,7985.83,2001
98240,834852,3,567459.86,0.014,0.631,2010,2837.3,1548 Morningstar Terrace,Denver,Colorado,80255,5,3,689,152.56,,5674.6,1997
98241,834852,5,803107.31,0.129,0.988,1998,4015.54,5575 Hazelcrest Parkway,Denver,Colorado,80249,6,2,2828,153.69,,8031.07,1996
98242,834893,6,844734.80,0.061,0.544,1994,4223.67,84 Eastwood Center,Colorado Springs,Colorado,80920,6,3,1785,35.87,,8447.35,2009
98243,834869,1,439536.87,0.08,0.524,1995,2197.68,58 Pawling Terrace,Boulder,Colorado,80328,5,2,2214,140.21,520.72,4395.37,2006
98244,834869,1,1079303.00,0.137,0.848,2012,5396.52,1 Northwestern Avenue,Colorado Springs,Colorado,80925,4,2,2628,29.34,,10793.03,2001
98245,834867,4,465551.83,0.149,0.615,2009,2327.76,003 Old Shore Way,Colorado Springs,Colorado,80925,5,3,2732,71.02,,4655.52,1984
98246,834849,5,149181.46,0.064,0.897,2008,745.91,86980 Mandrake Drive,Aurora,Colorado,80045,1,1,1257,275.19,365.72,1491.81,1992
98247,834890,6,838150.24,0.153,0.586,2006,4190.75,24 Scofield Avenue,Colorado Springs,Colorado,80935,2,1,983,114.93,,8381.5,1997
98248,834885,5,620048.43,0.068,0.59,1965,3100.24,4 Manley Park,Greeley,Colorado,80638,3,1,1625,282.9,,6200.48,2005
98249,834894,3,269985.61,0.082,0.846,1987,1349.93,71 Thackeray Pass,Denver,Colorado,80228,3,1,616,104.06,,2699.86,2008
98250,834857,2,270122.44,0.069,0.565,2008,1350.61,8500 Dayton Pass,Colorado Springs,Colorado,80935,1,2,1711,96.38,,2701.22,1996
98251,834874,2,447845.34,0.122,0.697,1996,2239.23,02959 Schiller Terrace,Denver,Colorado,80217,2,2,1444,49.73,,4478.45,2007
98252,834851,4,369195.35,0.164,0.455,1987,1845.98,3 Hovde Lane,Denver,Colorado,80217,1,1,2697,108.96,91.13,3691.95,2003
98253,834892,5,609483.17,0.108,0.749,2004,3047.42,68445 Truax Park,Colorado Springs,Colorado,80905,3,1,1053,142.74,,6094.83,2012
98254,834885,5,654818.31,0.15,0.892,1995,3274.09,43821 Kings Center,Littleton,Colorado,80127,2,1,2668,64.24,,6548.18,1993
98255,834885,1,1178766.17,0.074,0.819,2001,5893.83,72 Sugar Lane,Grand Junction,Colorado,81505,3,1,1470,49.45,,11787.66,1992
98256,834876,1,475247.45,0.069,0.498,2001,2376.24,910 Brentwood Court,Boulder,Colorado,80310,3,1,1826,62.91,,4752.47,2004
98257,834872,2,1110545.63,0.104,0.966,2009,5552.73,28 Farragut Crossing,Colorado Springs,Colorado,80951,2,1,2460,208.84,,11105.46,2006
98258,834858,5,884808.40,0.05,0.662,1997,4424.04,80 Arkansas Pass,Denver,Colorado,80255,3,1,1748,297.3,,8848.08,2003
98259,834867,2,79677.92,0.156,0.603,1988,398.39,17 Golf Parkway,Colorado Springs,Colorado,80930,2,2,1457,126.69,,796.78,1996
98260,834889,6,1150152.71,0.152,0.467,2000,5750.76,87 3rd Lane,Colorado Springs,Colorado,80920,2,2,1028,130.61,,11501.53,2005
98261,834894,1,833483.76,0.079,0.615,2002,4167.42,5951 Anniversary Lane,Colorado Springs,Colorado,80925,3,1,747,49.9,,8334.84,2010
98262,834871,1,816080.48,0.134,0.81,2008,4080.4,0 Helena Junction,Denver,Colorado,80255,1,1,1455,275.84,,8160.8,1993
98263,834849,2,677040.65,0.063,0.889,2001,3385.2,0067 Londonderry Way,Colorado Springs,Colorado,80945,2,2,2410,193.01,578.29,6770.41,1992
98264,834881,1,981778.94,0.025,0.913,1996,4908.89,72480 Sachs Pass,Littleton,Colorado,80126,1,1,466,80.99,,9817.79,2009
98265,834852,5,686861.82,0.136,0.97,1989,3434.31,2859 Waxwing Street,Colorado Springs,Colorado,80930,3,1,2325,99.83,,6868.62,1986
98266,834862,4,876790.21,0.13,0.902,2003,4383.95,97606 Muir Junction,Denver,Colorado,80299,2,2,615,199.89,339.52,8767.9,1948
98267,834859,3,346972.93,0.138,0.845,2000,1734.86,41765 Corscot Court,Grand Junction,Colorado,81505,2,2,1830,65.96,,3469.73,2001
98268,834846,4,434261.31,0.09,0.539,2002,2171.31,89 Londonderry Alley,Aurora,Colorado,80015,3,1,2309,265.75,,4342.61,1993
98269,834872,2,186490.65,0.047,0.562,1999,932.45,7 Emmet Road,Denver,Colorado,80255,3,2,1901,282.81,,1864.91,1992
98270,834885,5,250626.39,0.094,0.538,2004,1253.13,10824 Dahle Circle,Littleton,Colorado,80161,2,1,2846,156.47,,2506.26,1986
98271,834890,2,656410.83,0.024,0.47,2009,3282.05,0263 Nobel Avenue,Denver,Colorado,80217,1,1,2966,153.43,,6564.11,1996
98272,834878,6,490542.56,0.168,0.479,2001,2452.71,2 Leroy Plaza,Denver,Colorado,80241,1,2,2336,67.7,,4905.43,2004
98273,834867,4,225806.73,0.125,0.863,2001,1129.03,3 Hayes Avenue,Pueblo,Colorado,81005,1,2,1706,259.45,,2258.07,1999
98274,834872,5,495677.55,0.114,0.437,2012,2478.39,35 Oneill Place,Denver,Colorado,80262,1,2,1996,264.22,,4956.78,2012
98275,834877,3,1108041.54,0.094,0.879,2006,5540.21,56 Parkside Terrace,Boulder,Colorado,80310,1,2,2374,106.49,,11080.42,2007
98276,834874,2,1095478.83,0.159,0.565,2004,5477.39,33 Nancy Place,Colorado Springs,Colorado,80905,3,2,1065,192.07,,10954.79,1997
98277,834889,4,63599.82,0.101,0.765,2009,318,0871 Heath Hill,Colorado Springs,Colorado,80925,3,1,1203,39.34,,636,1987
98278,834891,6,556346.15,0.078,0.539,1997,2781.73,14128 Bartillon Way,Boulder,Colorado,80305,2,1,2419,67.2,,5563.46,2007
98279,834871,6,685893.61,0.099,0.438,1997,3429.47,58 Hanover Trail,Colorado Springs,Colorado,80951,3,1,1900,257.13,,6858.94,2000
98280,834869,1,661045.12,0.027,0.482,1998,3305.23,22 Esker Street,Colorado Springs,Colorado,80930,2,2,1183,194.83,,6610.45,2010
98281,834850,2,290504.91,0.023,0.713,2005,1452.52,866 Rieder Road,Grand Junction,Colorado,81505,3,1,2827,287.33,,2905.05,1997
98282,834875,3,729263.99,0.117,0.926,2008,3646.32,81960 Anniversary Alley,Denver,Colorado,80291,3,1,2739,215.85,,7292.64,1991
98283,834885,2,273908.38,0.012,0.683,1993,1369.54,9 Becker Terrace,Denver,Colorado,80228,3,1,1811,180.17,93.54,2739.08,1992
98284,834862,6,1093733.77,0.03,0.949,2012,5468.67,7337 Jackson Point,Aurora,Colorado,80045,2,2,1083,139.37,,10937.34,2005
98285,834876,5,414392.65,0.158,0.689,2007,2071.96,79 Sunbrook Drive,Colorado Springs,Colorado,80951,2,1,2039,200.68,,4143.93,1991
98286,834868,4,742039.08,0.087,0.896,1997,3710.2,64019 Comanche Pass,Colorado Springs,Colorado,80935,2,2,1925,140.26,,7420.39,1983
98287,834894,6,224695.11,0.135,0.559,2011,1123.48,028 Surrey Road,Aurora,Colorado,80015,1,2,2326,58.06,,2246.95,2004
98288,834885,3,433021.15,0.135,0.676,2012,2165.11,6 Golf View Trail,Boulder,Colorado,80328,1,2,372,126.85,433.67,4330.21,1997
98289,834886,1,858197.76,0.076,0.467,2007,4290.99,82823 Mallard Place,Colorado Springs,Colorado,80940,1,1,2635,198.09,,8581.98,2006
98290,834857,4,239621.73,0.099,0.507,1993,1198.11,06110 Bultman Place,Colorado Springs,Colorado,80945,1,2,861,64.79,,2396.22,2009
98291,834888,6,408689.67,0.144,0.933,1993,2043.45,489 Farmco Pass,Colorado Springs,Colorado,80951,3,1,656,192.41,,4086.9,2011
98292,834888,1,1043754.50,0.144,0.962,2011,5218.77,325 Montana Point,Arvada,Colorado,80005,2,2,2593,46.25,,10437.55,2009
98293,834853,6,198300.78,0.018,0.415,2002,991.5,013 Bunting Drive,Colorado Springs,Colorado,80951,2,1,1966,147.23,,1983.01,2004
98294,834846,5,270212.23,0.065,0.551,2011,1351.06,86 Center Street,Pueblo,Colorado,81015,1,1,784,126.57,,2702.12,2008
98295,834850,6,661348.70,0.049,0.981,1986,3306.74,0 Quincy Pass,Grand Junction,Colorado,81505,2,2,1991,101.81,,6613.49,1995
98296,834894,2,766530.58,0.026,0.787,1997,3832.65,68418 Graceland Street,Denver,Colorado,80299,1,1,1870,266.22,,7665.31,1994
98297,834865,2,1116095.24,0.063,0.471,2001,5580.48,75199 Armistice Point,Colorado Springs,Colorado,80930,1,2,1496,86.5,,11160.95,2004
98298,834851,5,331105.14,0.089,0.462,1996,1655.53,999 Glendale Court,Colorado Springs,Colorado,80935,3,1,509,159.56,,3311.05,2007
98299,834877,1,393691.61,0.174,0.607,1993,1968.46,600 Derek Lane,Pueblo,Colorado,81015,3,2,2779,296.39,,3936.92,1996
98300,834859,4,594809.04,0.105,0.912,2012,2974.05,95 Tennessee Court,Denver,Colorado,80243,3,2,391,258.83,,5948.09,1990
98301,834849,4,204392.00,0.111,0.755,1960,1021.96,127 Center Circle,Littleton,Colorado,80161,2,2,748,76.17,,2043.92,1998
98302,834865,1,652701.01,0.177,0.824,1997,3263.51,757 Cambridge Road,Colorado Springs,Colorado,80930,1,1,845,139.22,,6527.01,1991
